,formula,Eform
11,Cs2PbCl6,-1.742068167701147
26,Cs4PbI6,-1.5288608739655132
49,CsLi3I4,-1.4880442668318952
69,CsPbI2Br,-1.350987620931034
106,KBr,-2.018192221125
137,Li2IBr,-1.618071629166667
168,NaCl3,-0.9392581831249991
204,PbICl,-1.194657864166665
